Área;Régimen;Hombres con sibilancias;Mujeres con sibilancias;Hombres encuestados;Mujeres encuestadas;Año
Usaquén;Contributivo;1;14;2;72;2013
Usaquén;Subsidiado ;0;8;0;20;2013
Usaquén;No asegurado ;0;0;0;0;2013
Usaquén;Especial;0;0;0;6;2013
Chapinero;Contributivo;1;0;8;24;2013
Chapinero;Subsidiado ;0;1;28;20;2013
Chapinero;No asegurado ;0;0;1;1;2013
Chapinero;Especial;0;0;0;1;2013
Santa Fe;Contributivo;0;1;3;12;2013
Santa Fe;Subsidiado ;1;5;36;97;2013
Santa Fe;No asegurado ;0;0;0;0;2013
Santa Fe;Especial;0;0;0;0;2013
San Cristóbal;Contributivo;1;5;21;87;2013
San Cristóbal;Subsidiado ;0;1;8;46;2013
San Cristóbal;No asegurado ;0;0;0;0;2013
San Cristóbal;Especial;0;1;1;7;2013
Usme;Contributivo;0;1;4;12;2013
Usme;Subsidiado ;0;4;26;54;2013
Usme;No asegurado ;0;0;0;2;2013
Usme;Especial;0;0;0;2;2013
Tunjuelito;Contributivo;0;0;0;1;2013
Tunjuelito;Subsidiado ;3;10;26;73;2013
Tunjuelito;No asegurado ;0;0;0;0;2013
Tunjuelito;Especial;0;0;0;0;2013
Bosa;Contributivo;2;11;53;114;2013
Bosa;Subsidiado ;13;47;132;402;2013
Bosa;No asegurado ;0;0;1;2;2013
Bosa;Especial;0;1;4;6;2013
Kennedy;Contributivo;0;2;5;14;2013
Kennedy;Subsidiado ;18;24;53;107;2013
Kennedy;No asegurado ;0;0;0;1;2013
Kennedy;Especial;0;0;0;0;2013
Fontibón;Contributivo;4;5;35;73;2013
Fontibón;Subsidiado ;3;4;16;41;2013
Fontibón;No asegurado ;0;0;0;0;2013
Fontibón;Especial;0;0;1;6;2013
Engativá;Contributivo;3;7;26;102;2013
Engativá;Subsidiado ;2;3;14;18;2013
Engativá;No asegurado ;0;0;1;0;2013
Engativá;Especial;0;0;3;3;2013
Suba;Contributivo;1;8;17;80;2013
Suba;Subsidiado ;1;8;27;70;2013
Suba;No asegurado ;0;0;1;0;2013
Suba;Especial;0;0;0;5;2013
Barrios Unidos;Contributivo;1;0;16;65;2013
Barrios Unidos;Subsidiado ;0;0;8;16;2013
Barrios Unidos;No asegurado ;0;0;0;0;2013
Barrios Unidos;Especial;0;0;3;6;2013
Teusaquillo;Contributivo;2;0;13;43;2013
Teusaquillo;Subsidiado ;1;0;28;45;2013
Teusaquillo;No asegurado ;0;0;0;0;2013
Teusaquillo;Especial;0;0;0;2;2013
Los Mártires;Contributivo;1;3;28;58;2013
Los Mártires;Subsidiado ;0;3;18;30;2013
Los Mártires;No asegurado ;0;0;9;10;2013
Los Mártires;Especial;0;0;0;0;2013
Antonio Nariño;Contributivo;0;1;2;5;2013
Antonio Nariño;Subsidiado ;1;2;31;19;2013
Antonio Nariño;No asegurado ;0;0;2;1;2013
Antonio Nariño;Especial;0;0;0;0;2013
Puente Aranda;Contributivo;1;2;4;9;2013
Puente Aranda;Subsidiado ;5;18;42;86;2013
Puente Aranda;No asegurado ;0;0;1;0;2013
Puente Aranda;Especial;0;0;0;0;2013
La Candelaria;Contributivo;0;0;0;0;2013
La Candelaria;Subsidiado ;0;0;1;12;2013
La Candelaria;No asegurado ;0;0;0;0;2013
La Candelaria;Especial;0;0;0;0;2013
Rafael Uribe Uribe;Contributivo;0;1;26;69;2013
Rafael Uribe Uribe;Subsidiado ;0;0;29;70;2013
Rafael Uribe Uribe;No asegurado ;0;0;0;3;2013
Rafael Uribe Uribe;Especial;0;0;2;1;2013
Ciudad Bolívar;Contributivo;1;3;3;7;2013
Ciudad Bolívar;Subsidiado ;14;19;49;50;2013
Ciudad Bolívar;No asegurado ;0;0;0;0;2013
Ciudad Bolívar;Especial;0;0;0;0;2013
Distrito;Contributivo;19;64;266;847;2013
Distrito;Subsidiado ;62;157;572;1.276;2013
Distrito;No asegurado ;0;0;16;20;2013
Distrito;Especial;0;2;14;45;2013
Usaquén;Contributivo;0;3;6;16;2014
Usaquén;Subsidiado ;2;5;35;53;2014
Usaquén;No asegurado ;0;0;0;0;2014
Usaquén;Especial;0;0;0;0;2014
Chapinero;Contributivo;1;0;16;24;2014
Chapinero;Subsidiado ;0;3;27;59;2014
Chapinero;No asegurado ;0;0;0;0;2014
Chapinero;Especial;0;0;0;0;2014
Santa Fe;Contributivo;0;0;0;1;2014
Santa Fe;Subsidiado ;1;2;3;8;2014
Santa Fe;No asegurado ;0;0;0;0;2014
Santa Fe;Especial;0;0;0;0;2014
San Cristóbal;Contributivo;0;8;8;42;2014
San Cristóbal;Subsidiado ;5;12;85;107;2014
San Cristóbal;No asegurado ;0;0;0;0;2014
San Cristóbal;Especial;0;0;0;0;2014
Usme;Contributivo;0;0;1;16;2014
Usme;Subsidiado ;4;3;29;54;2014
Usme;No asegurado ;0;0;0;0;2014
Usme;Especial;0;0;0;0;2014
Tunjuelito;Contributivo;0;0;1;0;2014
Tunjuelito;Subsidiado ;5;10;28;80;2014
Tunjuelito;No asegurado ;0;0;0;0;2014
Tunjuelito;Especial;0;0;0;0;2014
Bosa;Contributivo;1;0;5;12;2014
Bosa;Subsidiado ;2;3;67;270;2014
Bosa;No asegurado ;0;0;0;0;2014
Bosa;Especial;0;0;0;1;2014
Kennedy;Contributivo;0;1;1;4;2014
Kennedy;Subsidiado ;5;15;35;61;2014
Kennedy;No asegurado ;0;0;0;0;2014
Kennedy;Especial;0;0;0;0;2014
Fontibón;Contributivo;0;12;12;81;2014
Fontibón;Subsidiado ;0;0;1;23;2014
Fontibón;No asegurado ;0;1;0;1;2014
Fontibón;Especial;0;0;0;2;2014
Engativá;Contributivo;2;4;14;68;2014
Engativá;Subsidiado ;0;1;3;14;2014
Engativá;No asegurado ;0;0;0;0;2014
Engativá;Especial;0;0;2;9;2014
Suba;Contributivo;8;44;34;208;2014
Suba;Subsidiado ;0;10;7;57;2014
Suba;No asegurado ;0;0;1;1;2014
Suba;Especial;0;6;0;13;2014
Barrios Unidos;Contributivo;1;1;18;93;2014
Barrios Unidos;Subsidiado ;0;1;22;15;2014
Barrios Unidos;No asegurado ;0;0;0;0;2014
Barrios Unidos;Especial;0;0;1;3;2014
Teusaquillo;Contributivo;0;4;15;86;2014
Teusaquillo;Subsidiado ;0;1;13;22;2014
Teusaquillo;No asegurado ;0;0;0;1;2014
Teusaquillo;Especial;0;0;1;9;2014
Los Mártires;Contributivo;2;2;10;23;2014
Los Mártires;Subsidiado ;0;2;4;18;2014
Los Mártires;No asegurado ;0;0;0;0;2014
Los Mártires;Especial;0;0;0;0;2014
Antonio Nariño;Contributivo;1;0;3;4;2014
Antonio Nariño;Subsidiado ;18;9;35;19;2014
Antonio Nariño;No asegurado ;0;0;0;0;2014
Antonio Nariño;Especial;0;1;0;1;2014
Puente Aranda;Contributivo;0;3;0;5;2014
Puente Aranda;Subsidiado ;5;12;25;69;2014
Puente Aranda;No asegurado ;0;0;0;1;2014
Puente Aranda;Especial;0;0;0;0;2014
La Candelaria;Contributivo;0;0;0;0;2014
La Candelaria;Subsidiado ;0;0;0;0;2014
La Candelaria;No asegurado ;0;0;0;0;2014
La Candelaria;Especial;0;0;0;0;2014
Rafael Uribe Uribe;Contributivo;5;11;11;28;2014
Rafael Uribe Uribe;Subsidiado ;18;20;31;36;2014
Rafael Uribe Uribe;No asegurado ;0;0;0;0;2014
Rafael Uribe Uribe;Especial;0;0;1;0;2014
Ciudad Bolívar;Contributivo;2;1;5;6;2014
Ciudad Bolívar;Subsidiado ;5;13;74;198;2014
Ciudad Bolívar;No asegurado ;0;0;2;0;2014
Ciudad Bolívar;Especial;0;0;0;0;2014
Distrito;Contributivo;23;94;160;717;2014
Distrito;Subsidiado ;70;122;524;1163;2014
Distrito;No asegurado ;0;1;3;4;2014
Distrito;Especial;0;7;5;38;2014
Usaquén;Contributivo;2;2;9;34;2015
Usaquén;Subsidiado ;0;5;10;47;2015
Usaquén;No asegurado ;0;0;1;0;2015
Usaquén;Especial;0;0;1;1;2015
Chapinero;Contributivo;0;0;20;66;2015
Chapinero;Subsidiado ;1;1;17;18;2015
Chapinero;No asegurado ;0;0;0;0;2015
Chapinero;Especial;0;0;1;0;2015
Santa Fe;Contributivo;1;0;10;20;2015
Santa Fe;Subsidiado ;7;12;37;45;2015
Santa Fe;No asegurado ;0;0;2;0;2015
Santa Fe;Especial;0;0;0;0;2015
San Cristóbal;Contributivo;0;9;15;71;2015
San Cristóbal;Subsidiado ;2;10;42;84;2015
San Cristóbal;No asegurado ;0;0;2;1;2015
San Cristóbal;Especial;0;2;3;11;2015
Usme;Contributivo;1;0;4;3;2015
Usme;Subsidiado ;7;5;21;79;2015
Usme;No asegurado ;0;0;2;0;2015
Usme;Especial;0;0;0;0;2015
Tunjuelito;Contributivo;1;0;2;3;2015
Tunjuelito;Subsidiado ;2;4;22;77;2015
Tunjuelito;No asegurado ;0;0;0;0;2015
Tunjuelito;Especial;0;0;1;0;2015
Bosa;Contributivo;1;10;19;100;2015
Bosa;Subsidiado ;8;15;118;318;2015
Bosa;No asegurado ;0;0;0;0;2015
Bosa;Especial;0;0;0;0;2015
Kennedy;Contributivo;0;5;5;35;2015
Kennedy;Subsidiado ;3;13;24;76;2015
Kennedy;No asegurado ;0;0;0;1;2015
Kennedy;Especial;0;0;1;1;2015
Fontibón;Contributivo;1;1;13;39;2015
Fontibón;Subsidiado ;0;0;0;8;2015
Fontibón;No asegurado ;0;0;0;0;2015
Fontibón;Especial;0;0;0;0;2015
Engativá;Contributivo;1;2;18;46;2015
Engativá;Subsidiado ;0;1;4;26;2015
Engativá;No asegurado ;0;0;0;0;2015
Engativá;Especial;1;1;2;5;2015
Suba;Contributivo;4;13;26;94;2015
Suba;Subsidiado ;5;7;24;54;2015
Suba;No asegurado ;0;0;1;4;2015
Suba;Especial;0;0;0;0;2015
Barrios Unidos;Contributivo;0;0;11;33;2015
Barrios Unidos;Subsidiado ;0;0;39;44;2015
Barrios Unidos;No asegurado ;0;0;0;0;2015
Barrios Unidos;Especial;0;0;0;2;2015
Teusaquillo;Contributivo;0;0;24;62;2015
Teusaquillo;Subsidiado ;0;0;3;9;2015
Teusaquillo;No asegurado ;0;0;1;1;2015
Teusaquillo;Especial;0;0;8;7;2015
Los Mártires;Contributivo;0;2;41;64;2015
Los Mártires;Subsidiado ;0;0;0;2;2015
Los Mártires;No asegurado ;0;0;0;2;2015
Los Mártires;Especial;0;0;1;2;2015
Antonio Nariño;Contributivo;1;2;13;21;2015
Antonio Nariño;Subsidiado ;5;1;59;42;2015
Antonio Nariño;No asegurado ;0;0;3;3;2015
Antonio Nariño;Especial;0;0;0;0;2015
Puente Aranda;Contributivo;1;1;11;10;2015
Puente Aranda;Subsidiado ;6;11;43;75;2015
Puente Aranda;No asegurado ;0;0;0;1;2015
Puente Aranda;Especial;0;0;0;0;2015
La Candelaria;Contributivo;1;1;22;28;2015
La Candelaria;Subsidiado ;0;0;31;31;2015
La Candelaria;No asegurado ;0;0;0;0;2015
La Candelaria;Especial;0;0;1;0;2015
Rafael Uribe Uribe;Contributivo;2;3;16;22;2015
Rafael Uribe Uribe;Subsidiado ;0;2;10;21;2015
Rafael Uribe Uribe;No asegurado ;0;0;0;0;2015
Rafael Uribe Uribe;Especial;0;0;0;0;2015
Ciudad Bolívar;Contributivo;0;0;12;8;2015
Ciudad Bolívar;Subsidiado ;0;1;63;138;2015
Ciudad Bolívar;No asegurado ;0;0;0;0;2015
Ciudad Bolívar;Especial;0;0;0;0;2015
Distrito;Contributivo;17;51;291;759;2015
Distrito;Subsidiado ;46;88;567;1.194;2015
Distrito;No asegurado ;0;0;12;13;2015
Distrito;Especial;1;3;19;29;2015
Usaquén;Contributivo;0;0;0;0;2016
Usaquén;Subsidiado ;2;11;24;84;2016
Usaquén;No asegurado ;0;0;0;0;2016
Usaquén;Especial;0;0;0;0;2016
Chapinero;Contributivo;0;0;0;0;2016
Chapinero;Subsidiado ;0;0;0;0;2016
Chapinero;No asegurado ;0;0;0;0;2016
Chapinero;Especial;0;0;0;0;2016
Santa Fe;Contributivo;0;0;0;0;2016
Santa Fe;Subsidiado ;0;0;0;2;2016
Santa Fe;No asegurado ;0;0;0;0;2016
Santa Fe;Especial;0;0;0;0;2016
San Cristóbal;Contributivo;0;7;11;70;2016
San Cristóbal;Subsidiado ;1;8;20;104;2016
San Cristóbal;No asegurado ;0;0;0;1;2016
San Cristóbal;Especial;0;0;0;1;2016
Usme;Contributivo;0;2;4;12;2016
Usme;Subsidiado ;6;9;43;40;2016
Usme;No asegurado ;0;0;1;0;2016
Usme;Especial;0;0;0;0;2016
Tunjuelito;Contributivo;0;0;0;1;2016
Tunjuelito;Subsidiado ;5;10;29;79;2016
Tunjuelito;No asegurado ;0;0;0;0;2016
Tunjuelito;Especial;0;0;0;0;2016
Bosa;Contributivo;0;0;4;46;2016
Bosa;Subsidiado ;0;3;62;215;2016
Bosa;No asegurado ;0;0;2;7;2016
Bosa;Especial;0;0;0;0;2016
Kennedy;Contributivo;1;6;10;37;2016
Kennedy;Subsidiado ;2;5;18;53;2016
Kennedy;No asegurado ;0;0;0;0;2016
Kennedy;Especial;0;1;0;1;2016
Fontibón;Contributivo;0;5;10;82;2016
Fontibón;Subsidiado ;0;0;1;14;2016
Fontibón;No asegurado ;0;0;0;0;2016
Fontibón;Especial;0;0;0;0;2016
Engativá;Contributivo;0;6;10;105;2016
Engativá;Subsidiado ;0;0;2;21;2016
Engativá;No asegurado ;0;0;0;1;2016
Engativá;Especial;0;1;1;12;2016
Suba;Contributivo;1;1;14;58;2016
Suba;Subsidiado ;0;0;5;30;2016
Suba;No asegurado ;0;0;0;1;2016
Suba;Especial;0;0;0;1;2016
Barrios Unidos;Contributivo;0;1;15;59;2016
Barrios Unidos;Subsidiado ;0;1;9;13;2016
Barrios Unidos;No asegurado ;0;0;0;0;2016
Barrios Unidos;Especial;0;1;1;3;2016
Teusaquillo;Contributivo;0;0;0;0;2016
Teusaquillo;Subsidiado ;0;0;0;0;2016
Teusaquillo;No asegurado ;0;0;0;0;2016
Teusaquillo;Especial;0;0;0;0;2016
Los Mártires;Contributivo;0;0;2;7;2016
Los Mártires;Subsidiado ;1;1;8;11;2016
Los Mártires;No asegurado ;0;0;0;1;2016
Los Mártires;Especial;0;0;0;0;2016
Antonio Nariño;Contributivo;1;2;16;11;2016
Antonio Nariño;Subsidiado ;2;2;26;14;2016
Antonio Nariño;No asegurado ;0;0;1;0;2016
Antonio Nariño;Especial;1;0;1;0;2016
Puente Aranda;Contributivo;0;2;8;23;2016
Puente Aranda;Subsidiado ;1;8;21;43;2016
Puente Aranda;No asegurado ;0;0;1;0;2016
Puente Aranda;Especial;0;0;0;1;2016
La Candelaria;Contributivo;1;1;9;8;2016
La Candelaria;Subsidiado ;5;5;73;22;2016
La Candelaria;No asegurado ;0;0;0;0;2016
La Candelaria;Especial;0;0;0;0;2016
Rafael Uribe Uribe;Contributivo;0;3;12;41;2016
Rafael Uribe Uribe;Subsidiado ;3;0;32;52;2016
Rafael Uribe Uribe;No asegurado ;0;0;0;1;2016
Rafael Uribe Uribe;Especial;0;0;1;2;2016
Ciudad Bolívar;Contributivo;0;1;1;5;2016
Ciudad Bolívar;Subsidiado ;2;13;55;104;2016
Ciudad Bolívar;No asegurado ;0;0;0;0;2016
Ciudad Bolívar;Especial;0;0;0;0;2016
Distrito;Contributivo;4;37;126;565;2016
Distrito;Subsidiado ;30;76;428;901;2016
Distrito;No asegurado ;0;0;5;12;2016
Distrito;Especial;1;3;4;21;2016
Usaquén;Contributivo;4;2;11;27;2017
Usaquén;Subsidiado ;2;8;18;67;2017
Usaquén;No asegurado ;0;0;0;0;2017
Usaquén;Especial;0;0;0;0;2017
Chapinero;Contributivo;0;2;16;80;2017
Chapinero;Subsidiado ;1;1;8;34;2017
Chapinero;No asegurado ;0;0;0;0;2017
Chapinero;Especial;0;0;0;11;2017
Santa Fe;Contributivo;1;1;2;5;2017
Santa Fe;Subsidiado ;6;1;32;29;2017
Santa Fe;No asegurado ;1;0;3;0;2017
Santa Fe;Especial;0;0;0;1;2017
San Cristóbal;Contributivo;4;3;18;27;2017
San Cristóbal;Subsidiado ;12;19;96;97;2017
San Cristóbal;No asegurado ;0;0;3;1;2017
San Cristóbal;Especial;0;0;0;0;2017
Usme;Contributivo;1;0;8;2;2017
Usme;Subsidiado ;7;8;33;56;2017
Usme;No asegurado ;0;0;0;1;2017
Usme;Especial;0;0;0;0;2017
Tunjuelito;Contributivo;0;0;1;1;2017
Tunjuelito;Subsidiado ;4;20;29;81;2017
Tunjuelito;No asegurado ;0;0;0;0;2017
Tunjuelito;Especial;0;0;0;0;2017
Bosa;Contributivo;0;9;11;56;2017
Bosa;Subsidiado ;2;13;21;73;2017
Bosa;No asegurado ;1;0;2;1;2017
Bosa;Especial;1;1;5;5;2017
Kennedy;Contributivo;6;9;32;50;2017
Kennedy;Subsidiado ;1;3;15;35;2017
Kennedy;No asegurado ;0;0;2;0;2017
Kennedy;Especial;1;0;2;4;2017
Fontibón;Contributivo;0;3;6;79;2017
Fontibón;Subsidiado ;0;0;4;17;2017
Fontibón;No asegurado ;0;0;0;0;2017
Fontibón;Especial;0;0;0;2;2017
Engativá;Contributivo;2;4;17;106;2017
Engativá;Subsidiado ;2;2;32;41;2017
Engativá;No asegurado ;0;0;1;1;2017
Engativá;Especial;0;1;1;9;2017
Suba;Contributivo;1;10;6;69;2017
Suba;Subsidiado ;2;3;6;31;2017
Suba;No asegurado ;0;0;0;0;2017
Suba;Especial;0;0;0;7;2017
Barrios Unidos;Contributivo;0;3;6;54;2017
Barrios Unidos;Subsidiado ;0;1;12;18;2017
Barrios Unidos;No asegurado ;0;0;0;0;2017
Barrios Unidos;Especial;0;0;0;5;2017
Teusaquillo;Contributivo;0;0;0;0;2017
Teusaquillo;Subsidiado ;0;0;0;0;2017
Teusaquillo;No asegurado ;0;0;0;0;2017
Teusaquillo;Especial;0;0;0;0;2017
Los Mártires;Contributivo;1;0;8;10;2017
Los Mártires;Subsidiado ;5;5;47;13;2017
Los Mártires;No asegurado ;0;0;2;0;2017
Los Mártires;Especial;0;0;0;0;2017
Antonio Nariño;Contributivo;1;0;7;4;2017
Antonio Nariño;Subsidiado ;4;4;36;16;2017
Antonio Nariño;No asegurado ;0;0;7;0;2017
Antonio Nariño;Especial;0;0;0;0;2017
Puente Aranda;Contributivo;1;1;3;28;2017
Puente Aranda;Subsidiado ;1;2;23;40;2017
Puente Aranda;No asegurado ;0;0;0;0;2017
Puente Aranda;Especial;0;0;0;2;2017
La Candelaria;Contributivo;0;1;5;10;2017
La Candelaria;Subsidiado ;1;2;29;21;2017
La Candelaria;No asegurado ;0;0;2;1;2017
La Candelaria;Especial;0;0;0;0;2017
Rafael Uribe Uribe;Contributivo;1;9;17;94;2017
Rafael Uribe Uribe;Subsidiado ;1;3;8;55;2017
Rafael Uribe Uribe;No asegurado ;0;0;1;2;2017
Rafael Uribe Uribe;Especial;0;0;0;5;2017
Ciudad Bolívar;Contributivo;2;7;11;27;2017
Ciudad Bolívar;Subsidiado ;7;19;66;121;2017
Ciudad Bolívar;No asegurado ;0;0;0;0;2017
Ciudad Bolívar;Especial;0;0;0;0;2017
Distrito;Contributivo;25;64;185;729;2017
Distrito;Subsidiado ;58;114;515;845;2017
Distrito;No asegurado ;2;0;23;7;2017
Distrito;Especial;2;2;8;51;2017
Usaquén;Contributivo;2;2;14;41;2018
Usaquén;Subsidiado ;2;5;25;46;2018
Usaquén;No asegurado ;0;0;0;0;2018
Usaquén;Especial;0;0;0;1;2018
Chapinero;Contributivo;1;1;4;13;2018
Chapinero;Subsidiado ;0;2;9;28;2018
Chapinero;No asegurado ;0;0;0;0;2018
Chapinero;Especial;1;0;1;0;2018
Santa Fe;Contributivo;2;0;14;6;2018
Santa Fe;Subsidiado ;4;3;83;29;2018
Santa Fe;No asegurado ;1;0;6;0;2018
Santa Fe;Especial;0;0;0;0;2018
San Cristóbal;Contributivo;0;6;10;30;2018
San Cristóbal;Subsidiado ;9;16;89;106;2018
San Cristóbal;No asegurado ;0;1;3;1;2018
San Cristóbal;Especial;0;0;0;1;2018
Usme;Contributivo;0;0;0;0;2018
Usme;Subsidiado ;3;4;16;44;2018
Usme;No asegurado ;0;0;0;0;2018
Usme;Especial;0;0;0;0;2018
Tunjuelito;Contributivo;0;0;2;4;2018
Tunjuelito;Subsidiado ;2;8;55;81;2018
Tunjuelito;No asegurado ;0;0;0;0;2018
Tunjuelito;Especial;0;0;0;0;2018
Bosa;Contributivo;0;7;18;71;2018
Bosa;Subsidiado ;6;4;22;55;2018
Bosa;No asegurado ;0;0;0;0;2018
Bosa;Especial;0;0;0;2;2018
Kennedy;Contributivo;0;6;7;64;2018
Kennedy;Subsidiado ;0;3;13;44;2018
Kennedy;No asegurado ;0;0;0;0;2018
Kennedy;Especial;0;0;0;2;2018
Fontibón;Contributivo;1;7;16;115;2018
Fontibón;Subsidiado ;0;4;2;20;2018
Fontibón;No asegurado ;0;0;0;1;2018
Fontibón;Especial;0;0;0;5;2018
Engativá;Contributivo;0;0;5;24;2018
Engativá;Subsidiado ;2;16;29;135;2018
Engativá;No asegurado ;0;0;0;0;2018
Engativá;Especial;0;0;0;2;2018
Suba;Contributivo;2;10;19;129;2018
Suba;Subsidiado ;6;14;49;140;2018
Suba;No asegurado ;0;0;2;1;2018
Suba;Especial;0;0;1;2;2018
Barrios Unidos;Contributivo;1;2;4;35;2018
Barrios Unidos;Subsidiado ;0;1;1;14;2018
Barrios Unidos;No asegurado ;0;0;0;0;2018
Barrios Unidos;Especial;0;0;1;1;2018
Teusaquillo;Contributivo;0;3;10;37;2018
Teusaquillo;Subsidiado ;0;1;4;9;2018
Teusaquillo;No asegurado ;0;0;0;0;2018
Teusaquillo;Especial;0;0;0;0;2018
Los Mártires;Contributivo;0;2;9;20;2018
Los Mártires;Subsidiado ;4;5;39;34;2018
Los Mártires;No asegurado ;0;0;1;2;2018
Los Mártires;Especial;0;0;0;0;2018
Antonio Nariño;Contributivo;2;1;6;2;2018
Antonio Nariño;Subsidiado ;10;6;94;30;2018
Antonio Nariño;No asegurado ;0;0;9;2;2018
Antonio Nariño;Especial;0;0;0;0;2018
Puente Aranda;Contributivo;2;2;8;26;2018
Puente Aranda;Subsidiado ;7;5;31;33;2018
Puente Aranda;No asegurado ;0;0;1;1;2018
Puente Aranda;Especial;0;0;0;0;2018
La Candelaria;Contributivo;0;0;0;0;2018
La Candelaria;Subsidiado ;0;0;0;0;2018
La Candelaria;No asegurado ;0;0;0;0;2018
La Candelaria;Especial;0;0;0;0;2018
Rafael Uribe Uribe;Contributivo;5;13;18;83;2018
Rafael Uribe Uribe;Subsidiado ;6;6;51;52;2018
Rafael Uribe Uribe;No asegurado ;0;1;1;4;2018
Rafael Uribe Uribe;Especial;0;0;0;4;2018
Ciudad Bolívar;Contributivo;2;2;8;20;2018
Ciudad Bolívar;Subsidiado ;4;9;44;117;2018
Ciudad Bolívar;No asegurado ;0;0;0;2;2018
Ciudad Bolívar;Especial;0;0;0;0;2018
Distrito;Contributivo;20;64;172;720;2018
Distrito;Subsidiado ;65;112;656;1.017;2018
Distrito;No asegurado ;1;2;23;14;2018
Distrito;Especial;1;0;3;20;2018
Usaquén;Contributivo;3;8;40;72;2019
Usaquén;Subsidiado ;2;4;9;31;2019
Usaquén;No asegurado ;0;0;0;0;2019
Usaquén;Especial;0;0;4;2;2019
Chapinero;Contributivo;1;4;18;38;2019
Chapinero;Subsidiado ;0;2;8;23;2019
Chapinero;No asegurado ;0;0;1;1;2019
Chapinero;Especial;0;0;2;0;2019
Santa Fe;Contributivo;1;6;10;33;2019
Santa Fe;Subsidiado ;2;4;21;31;2019
Santa Fe;No asegurado ;0;0;0;2;2019
Santa Fe;Especial;0;0;1;2;2019
San Cristóbal;Contributivo;0;5;17;41;2019
San Cristóbal;Subsidiado ;1;6;16;37;2019
San Cristóbal;No asegurado ;1;0;3;2;2019
San Cristóbal;Especial;0;0;3;4;2019
Usme;Contributivo;4;4;10;32;2019
Usme;Subsidiado ;1;6;16;43;2019
Usme;No asegurado ;0;1;2;1;2019
Usme;Especial;0;0;2;0;2019
Tunjuelito;Contributivo;2;7;17;35;2019
Tunjuelito;Subsidiado ;1;8;15;30;2019
Tunjuelito;No asegurado ;0;0;0;0;2019
Tunjuelito;Especial;0;0;0;3;2019
Bosa;Contributivo;2;0;37;53;2019
Bosa;Subsidiado ;2;1;18;35;2019
Bosa;No asegurado ;0;0;3;1;2019
Bosa;Especial;0;0;4;3;2019
Kennedy;Contributivo;4;9;69;111;2019
Kennedy;Subsidiado ;3;4;36;55;2019
Kennedy;No asegurado ;0;0;3;4;2019
Kennedy;Especial;0;1;3;7;2019
Fontibón;Contributivo;1;4;27;58;2019
Fontibón;Subsidiado ;0;0;9;10;2019
Fontibón;No asegurado ;0;0;1;1;2019
Fontibón;Especial;0;0;1;7;2019
Engativá;Contributivo;6;7;62;111;2019
Engativá;Subsidiado ;0;1;22;32;2019
Engativá;No asegurado ;0;1;1;1;2019
Engativá;Especial;0;0;8;9;2019
Suba;Contributivo;3;8;50;100;2019
Suba;Subsidiado ;0;3;10;24;2019
Suba;No asegurado ;0;0;0;3;2019
Suba;Especial;0;0;6;7;2019
Barrios Unidos;Contributivo;1;2;27;58;2019
Barrios Unidos;Subsidiado ;2;0;18;17;2019
Barrios Unidos;No asegurado ;0;0;0;0;2019
Barrios Unidos;Especial;0;0;2;2;2019
Teusaquillo;Contributivo;1;5;26;55;2019
Teusaquillo;Subsidiado ;0;0;1;4;2019
Teusaquillo;No asegurado ;0;0;1;0;2019
Teusaquillo;Especial;0;0;4;5;2019
Los Mártires;Contributivo;1;2;22;27;2019
Los Mártires;Subsidiado ;2;0;18;27;2019
Los Mártires;No asegurado ;0;0;1;1;2019
Los Mártires;Especial;0;0;4;0;2019
Antonio Nariño;Contributivo;2;7;20;48;2019
Antonio Nariño;Subsidiado ;0;3;10;16;2019
Antonio Nariño;No asegurado ;0;0;0;2;2019
Antonio Nariño;Especial;1;0;3;1;2019
Puente Aranda;Contributivo;2;3;30;55;2019
Puente Aranda;Subsidiado ;1;1;4;14;2019
Puente Aranda;No asegurado ;0;0;0;0;2019
Puente Aranda;Especial;0;0;2;2;2019
La Candelaria;Contributivo;3;6;26;42;2019
La Candelaria;Subsidiado ;2;7;32;32;2019
La Candelaria;No asegurado ;0;0;2;1;2019
La Candelaria;Especial;0;0;0;0;2019
Rafael Uribe Uribe;Contributivo;3;7;20;37;2019
Rafael Uribe Uribe;Subsidiado ;3;3;12;25;2019
Rafael Uribe Uribe;No asegurado ;1;0;3;0;2019
Rafael Uribe Uribe;Especial;0;0;0;4;2019
Ciudad Bolívar;Contributivo;1;9;14;40;2019
Ciudad Bolívar;Subsidiado ;1;6;25;51;2019
Ciudad Bolívar;No asegurado ;0;0;4;3;2019
Ciudad Bolívar;Especial;0;0;0;1;2019
Distrito;Contributivo;41;103;542;1.046;2019
Distrito;Subsidiado ;23;59;300;537;2019
Distrito;No asegurado ;2;2;25;23;2019
Distrito;Especial;1;1;49;59;2019
Usaquén;Contributivo;1;1;19;25;2020
Usaquén;Subsidiado ;0;1;3;21;2020
Usaquén;No asegurado ;0;0;0;1;2020
Usaquén;Especial;0;0;1;3;2020
Chapinero;Contributivo;0;1;12;23;2020
Chapinero;Subsidiado ;2;1;8;23;2020
Chapinero;No asegurado ;0;0;0;1;2020
Chapinero;Especial;0;0;0;3;2020
Santa Fe;Contributivo;0;0;4;19;2020
Santa Fe;Subsidiado ;2;2;19;36;2020
Santa Fe;No asegurado ;0;0;0;0;2020
Santa Fe;Especial;0;0;0;1;2020
San Cristóbal;Contributivo;0;1;11;34;2020
San Cristóbal;Subsidiado ;0;2;15;40;2020
San Cristóbal;No asegurado ;0;0;1;0;2020
San Cristóbal;Especial;0;0;1;3;2020
Usme;Contributivo;2;0;6;24;2020
Usme;Subsidiado ;0;3;11;35;2020
Usme;No asegurado ;0;0;0;0;2020
Usme;Especial;0;0;1;1;2020
Tunjuelito;Contributivo;2;0;14;20;2020
Tunjuelito;Subsidiado ;1;1;13;21;2020
Tunjuelito;No asegurado ;0;0;0;2;2020
Tunjuelito;Especial;0;1;1;4;2020
Bosa;Contributivo;1;1;23;67;2020
Bosa;Subsidiado ;0;0;20;65;2020
Bosa;No asegurado ;0;0;1;1;2020
Bosa;Especial;0;0;2;2;2020
Kennedy;Contributivo;1;1;65;113;2020
Kennedy;Subsidiado ;1;0;28;62;2020
Kennedy;No asegurado ;0;1;1;4;2020
Kennedy;Especial;1;0;9;8;2020
Fontibón;Contributivo;0;0;22;57;2020
Fontibón;Subsidiado ;0;1;2;14;2020
Fontibón;No asegurado ;0;0;0;1;2020
Fontibón;Especial;0;1;1;2;2020
Engativá;Contributivo;1;4;41;96;2020
Engativá;Subsidiado ;0;0;18;49;2020
Engativá;No asegurado ;0;0;0;2;2020
Engativá;Especial;0;1;0;14;2020
Suba;Contributivo;3;4;55;111;2020
Suba;Subsidiado ;2;2;26;72;2020
Suba;No asegurado ;0;0;1;2;2020
Suba;Especial;0;2;3;9;2020
Barrios Unidos;Contributivo;0;1;21;25;2020
Barrios Unidos;Subsidiado ;0;0;7;14;2020
Barrios Unidos;No asegurado ;0;1;2;3;2020
Barrios Unidos;Especial;0;0;1;1;2020
Teusaquillo;Contributivo;0;1;15;40;2020
Teusaquillo;Subsidiado ;0;0;4;5;2020
Teusaquillo;No asegurado ;0;0;0;0;2020
Teusaquillo;Especial;0;0;4;5;2020
Los Mártires;Contributivo;0;0;10;16;2020
Los Mártires;Subsidiado ;0;1;17;31;2020
Los Mártires;No asegurado ;0;0;2;1;2020
Los Mártires;Especial;0;1;0;1;2020
Antonio Nariño;Contributivo;1;2;16;27;2020
Antonio Nariño;Subsidiado ;1;0;12;16;2020
Antonio Nariño;No asegurado ;0;0;0;0;2020
Antonio Nariño;Especial;0;0;2;4;2020
Puente Aranda;Contributivo;0;0;6;32;2020
Puente Aranda;Subsidiado ;0;0;12;18;2020
Puente Aranda;No asegurado ;0;0;0;0;2020
Puente Aranda;Especial;0;0;0;1;2020
La Candelaria;Contributivo;0;1;7;21;2020
La Candelaria;Subsidiado ;1;2;6;14;2020
La Candelaria;No asegurado ;0;0;2;0;2020
La Candelaria;Especial;0;0;0;1;2020
Rafael Uribe Uribe;Contributivo;2;1;15;24;2020
Rafael Uribe Uribe;Subsidiado ;3;0;8;28;2020
Rafael Uribe Uribe;No asegurado ;0;0;2;1;2020
Rafael Uribe Uribe;Especial;0;0;1;2;2020
Ciudad Bolívar;Contributivo;2;4;26;60;2020
Ciudad Bolívar;Subsidiado ;3;2;31;67;2020
Ciudad Bolívar;No asegurado ;0;0;4;1;2020
Ciudad Bolívar;Especial;0;0;0;1;2020
Distrito;Contributivo;16;23;388;834;2020
Distrito;Subsidiado ;16;18;260;631;2020
Distrito;No asegurado ;0;2;16;20;2020
Distrito;Especial;1;6;27;66;2020
Usaquén;Contributivo;2;3;38;68;2021
Usaquén;Subsidiado ;0;1;10;22;2021
Usaquén;No asegurado ;0;0;3;1;2021
Usaquén;Especial;0;0;2;1;2021
Chapinero;Contributivo;2;0;38;48;2021
Chapinero;Subsidiado ;0;1;7;26;2021
Chapinero;No asegurado ;0;0;0;1;2021
Chapinero;Especial;0;0;2;2;2021
Santa Fe;Contributivo;0;3;18;39;2021
Santa Fe;Subsidiado ;0;2;18;50;2021
Santa Fe;No asegurado ;0;0;3;1;2021
Santa Fe;Especial;0;0;1;0;2021
San Cristóbal;Contributivo;0;4;28;49;2021
San Cristóbal;Subsidiado ;0;1;15;44;2021
San Cristóbal;No asegurado ;0;0;1;0;2021
San Cristóbal;Especial;0;0;1;2;2021
Usme;Contributivo;2;1;27;50;2021
Usme;Subsidiado ;4;3;22;60;2021
Usme;No asegurado ;0;0;1;0;2021
Usme;Especial;0;0;0;3;2021
Tunjuelito;Contributivo;1;2;36;64;2021
Tunjuelito;Subsidiado ;0;1;21;25;2021
Tunjuelito;No asegurado ;0;0;0;0;2021
Tunjuelito;Especial;0;0;1;7;2021
Bosa;Contributivo;0;0;33;86;2021
Bosa;Subsidiado ;0;0;18;47;2021
Bosa;No asegurado ;0;0;0;1;2021
Bosa;Especial;0;0;1;3;2021
Kennedy;Contributivo;2;1;91;166;2021
Kennedy;Subsidiado ;0;1;29;60;2021
Kennedy;No asegurado ;0;0;2;2;2021
Kennedy;Especial;0;0;5;18;2021
Fontibón;Contributivo;0;0;38;67;2021
Fontibón;Subsidiado ;1;0;5;19;2021
Fontibón;No asegurado ;0;0;1;0;2021
Fontibón;Especial;0;0;4;6;2021
Engativá;Contributivo;2;2;103;176;2021
Engativá;Subsidiado ;1;1;33;60;2021
Engativá;No asegurado ;0;0;2;1;2021
Engativá;Especial;0;1;4;11;2021
Suba;Contributivo;9;3;109;169;2021
Suba;Subsidiado ;1;4;23;53;2021
Suba;No asegurado ;0;0;0;3;2021
Suba;Especial;0;0;9;15;2021
Barrios Unidos;Contributivo;2;3;43;72;2021
Barrios Unidos;Subsidiado ;0;0;14;20;2021
Barrios Unidos;No asegurado ;0;0;0;1;2021
Barrios Unidos;Especial;0;0;0;1;2021
Teusaquillo;Contributivo;2;3;42;71;2021
Teusaquillo;Subsidiado ;0;0;7;7;2021
Teusaquillo;No asegurado ;0;0;0;0;2021
Teusaquillo;Especial;1;0;4;8;2021
Los Mártires;Contributivo;1;0;27;48;2021
Los Mártires;Subsidiado ;0;0;24;20;2021
Los Mártires;No asegurado ;0;0;0;1;2021
Los Mártires;Especial;0;0;0;1;2021
Antonio Nariño;Contributivo;1;0;22;53;2021
Antonio Nariño;Subsidiado ;0;0;10;27;2021
Antonio Nariño;No asegurado ;0;0;1;1;2021
Antonio Nariño;Especial;0;0;2;5;2021
Puente Aranda;Contributivo;0;0;38;40;2021
Puente Aranda;Subsidiado ;0;0;6;12;2021
Puente Aranda;No asegurado ;0;0;0;1;2021
Puente Aranda;Especial;0;0;0;3;2021
La Candelaria;Contributivo;1;0;12;17;2021
La Candelaria;Subsidiado ;1;0;14;13;2021
La Candelaria;No asegurado ;0;0;0;0;2021
La Candelaria;Especial;0;0;1;1;2021
Rafael Uribe Uribe;Contributivo;2;2;22;44;2021
Rafael Uribe Uribe;Subsidiado ;0;2;18;41;2021
Rafael Uribe Uribe;No asegurado ;0;0;1;0;2021
Rafael Uribe Uribe;Especial;0;0;3;1;2021
Ciudad Bolívar;Contributivo;3;4;47;111;2021
Ciudad Bolívar;Subsidiado ;6;9;46;108;2021
Ciudad Bolívar;No asegurado ;0;0;1;1;2021
Ciudad Bolívar;Especial;0;0;2;2;2021
Distrito;Contributivo;32;31;812;1438;2021
Distrito;Subsidiado ;14;26;340;714;2021
Distrito;No asegurado ;0;0;16;15;2021
Distrito;Especial;1;1;42;90;2021
